BEGIN TRANSACTION;
CREATE TABLE acts(no INTEGER PRIMARY KEY, name TEXT NOT NULL, due TEXT, unit TEXT);
INSERT INTO "acts" VALUES(1,'พื้นที่อ้อยตอ (ตามรับปาก)','15 มิ.ย. 69','ไร่');
INSERT INTO "acts" VALUES(2,'ถ่ายรูปยืนยันแปลงกับชาวไร่','30 มิ.ย. 69','แปลง');
INSERT INTO "acts" VALUES(3,'จ่ายปุ๋ย','30 มิ.ย. 69','กระสอบ');
INSERT INTO "acts" VALUES(4,'active (บาดาล/solarcell)','30 มิ.ย. 69','บ่อ / ชุด');
INSERT INTO "acts" VALUES(5,'autopay เกี่ยวบาดาล','30 มิ.ย. 69','บ่อ');
INSERT INTO "acts" VALUES(6,'กระบะเรียบ','30 มิ.ย. 69','คัน');
INSERT INTO "acts" VALUES(7,'พื้นที่ใช้โดรน','13 มิ.ย. 69','ไร่');
INSERT INTO "acts" VALUES(8,'ถ่ายรูปยืนยันตรวจแปลงใช้รถตัด','31 ก.ค. 69','แปลง');
INSERT INTO "acts" VALUES(9,'พื้นที่แจ้งปลูกอ้อยตุลา 7071','30 มิ.ย. 69','ไร่');
INSERT INTO "acts" VALUES(10,'แปลงสาธิตปลูกข้าวไร่','10 มิ.ย. 69','ไร่');
INSERT INTO "acts" VALUES(11,'เซ็นต์เอกสารบันทึกข้อต้องลงลูกไร่','30 มิ.ย. 69','แปลง');
CREATE TABLE entries(id INTEGER PRIMARY KEY, date TEXT NOT NULL, no INTEGER NOT NULL,
  z INTEGER, sz INTEGER, plan REAL DEFAULT 0, actual REAL DEFAULT 0, note TEXT DEFAULT '');
INSERT INTO "entries" VALUES(1,'2026-06-22',4,12,124,30.0,30.0,'');
INSERT INTO "entries" VALUES(2,'2026-06-22',11,12,124,10.0,10.0,'');
INSERT INTO "entries" VALUES(3,'2026-06-22',2,12,124,5.0,3.0,'');
INSERT INTO "entries" VALUES(4,'2026-06-22',2,14,143,20.0,14.0,'');
INSERT INTO "entries" VALUES(5,'2026-06-22',4,5,502,40.0,43.0,'');
INSERT INTO "entries" VALUES(6,'2026-06-22',2,12,126,20.0,18.0,'');
INSERT INTO "entries" VALUES(7,'2026-06-22',2,12,123,22.0,24.0,'');
INSERT INTO "entries" VALUES(8,'2026-06-22',5,12,124,1.0,1.0,'');
INSERT INTO "entries" VALUES(9,'2026-06-22',4,12,126,5.0,4.0,'');
INSERT INTO "entries" VALUES(10,'2026-06-22',9,14,143,20.0,20.0,'');
INSERT INTO "entries" VALUES(11,'2026-06-22',4,13,134,13.0,13.0,'');
INSERT INTO "entries" VALUES(12,'2026-06-22',9,12,123,44.0,44.0,'');
INSERT INTO "entries" VALUES(13,'2026-06-22',2,14,144,23.0,20.0,'');
INSERT INTO "entries" VALUES(14,'2026-06-22',4,5,504,70.0,70.0,'');
INSERT INTO "entries" VALUES(15,'2026-06-22',2,5,507,1.0,1.0,'');
INSERT INTO "entries" VALUES(16,'2026-06-22',1,5,502,9.0,9.0,'');
INSERT INTO "entries" VALUES(17,'2026-06-22',4,5,507,38.0,38.0,'');
INSERT INTO "entries" VALUES(18,'2026-06-22',9,5,507,30.0,44.0,'');
INSERT INTO "entries" VALUES(19,'2026-06-22',11,5,503,109.0,109.0,'');
INSERT INTO "entries" VALUES(20,'2026-06-22',2,5,503,22.0,22.0,'');
INSERT INTO "entries" VALUES(21,'2026-06-22',3,5,506,35.0,35.0,'');
INSERT INTO "entries" VALUES(22,'2026-06-22',4,13,135,30.0,39.0,'');
INSERT INTO "entries" VALUES(23,'2026-06-22',4,13,133,37.0,37.0,'');
INSERT INTO "entries" VALUES(24,'2026-06-22',4,13,132,20.0,21.0,'');
INSERT INTO "entries" VALUES(25,'2026-06-22',2,13,132,21.0,20.0,'');
INSERT INTO "entries" VALUES(26,'2026-06-22',4,12,125,1.0,1.0,'');
INSERT INTO "entries" VALUES(27,'2026-06-22',1,12,126,0.0,2.0,'');
INSERT INTO "entries" VALUES(28,'2026-06-22',2,13,135,30.0,30.0,'');
INSERT INTO "entries" VALUES(29,'2026-06-22',9,14,144,100.0,50.0,'');
INSERT INTO "entries" VALUES(30,'2026-06-22',3,14,144,20.0,0.0,'');
INSERT INTO "entries" VALUES(31,'2026-06-22',4,14,144,0.0,10.0,'');
INSERT INTO "entries" VALUES(32,'2026-06-22',11,12,126,0.0,23.0,'');
INSERT INTO "entries" VALUES(33,'2026-06-22',1,14,142,15.0,14.0,'');
INSERT INTO "entries" VALUES(34,'2026-06-22',2,14,142,10.0,10.0,'');
INSERT INTO "entries" VALUES(35,'2026-06-22',4,14,142,5.0,0.0,'');
INSERT INTO "entries" VALUES(36,'2026-06-22',9,14,142,15.0,11.0,'');
INSERT INTO "entries" VALUES(37,'2026-06-22',11,14,142,20.0,0.0,'');
INSERT INTO "entries" VALUES(38,'2026-06-23',3,12,124,600.0,600.0,'');
INSERT INTO "entries" VALUES(39,'2026-06-23',3,5,503,18.0,0.0,'');
INSERT INTO "entries" VALUES(40,'2026-06-23',2,13,132,15.0,0.0,'');
INSERT INTO "entries" VALUES(41,'2026-06-23',4,13,132,20.0,0.0,'');
INSERT INTO "entries" VALUES(42,'2026-06-24',2,14,143,20.0,0.0,'');
INSERT INTO "entries" VALUES(43,'2026-06-24',2,12,126,30.0,0.0,'');
INSERT INTO "entries" VALUES(44,'2026-06-24',4,5,502,46.0,0.0,'');
INSERT INTO "entries" VALUES(45,'2026-06-24',4,14,143,10.0,0.0,'');
INSERT INTO "entries" VALUES(46,'2026-06-24',2,5,506,30.0,0.0,'');
INSERT INTO "entries" VALUES(47,'2026-06-24',9,12,126,20.0,0.0,'');
INSERT INTO "entries" VALUES(48,'2026-06-24',3,5,506,50.0,0.0,'');
INSERT INTO "entries" VALUES(49,'2026-06-24',4,5,506,30.0,0.0,'');
INSERT INTO "entries" VALUES(50,'2026-06-24',11,5,506,30.0,0.0,'');
INSERT INTO "entries" VALUES(51,'2026-06-24',11,12,126,10.0,0.0,'');
INSERT INTO "entries" VALUES(52,'2026-06-24',4,12,124,60.0,0.0,'');
INSERT INTO "entries" VALUES(53,'2026-06-24',3,12,124,50.0,50.0,'');
INSERT INTO "entries" VALUES(54,'2026-06-24',2,12,124,10.0,0.0,'');
INSERT INTO "entries" VALUES(55,'2026-06-24',9,12,124,10.0,20.0,'');
INSERT INTO "entries" VALUES(56,'2026-06-24',11,12,124,10.0,12.0,'');
INSERT INTO "entries" VALUES(57,'2026-06-24',11,13,134,30.0,0.0,'');
INSERT INTO "entries" VALUES(58,'2026-06-24',2,14,144,40.0,0.0,'');
INSERT INTO "entries" VALUES(59,'2026-06-24',1,14,143,20.0,0.0,'');
INSERT INTO "entries" VALUES(60,'2026-06-24',4,5,504,60.0,0.0,'');
INSERT INTO "entries" VALUES(61,'2026-06-24',9,5,502,20.0,0.0,'');
INSERT INTO "entries" VALUES(62,'2026-06-24',4,5,507,80.0,0.0,'');
INSERT INTO "entries" VALUES(63,'2026-06-24',11,13,133,10.0,0.0,'');
INSERT INTO "entries" VALUES(64,'2026-06-24',11,5,504,30.0,0.0,'');
INSERT INTO "entries" VALUES(65,'2026-06-24',3,14,143,20.0,0.0,'');
INSERT INTO "entries" VALUES(66,'2026-06-24',11,14,143,30.0,0.0,'');
INSERT INTO "entries" VALUES(67,'2026-06-24',2,5,507,5.0,0.0,'');
INSERT INTO "entries" VALUES(68,'2026-06-24',9,14,144,100.0,0.0,'');
INSERT INTO "entries" VALUES(69,'2026-06-24',9,14,143,100.0,0.0,'');
INSERT INTO "entries" VALUES(70,'2026-06-24',2,12,125,20.0,0.0,'');
INSERT INTO "entries" VALUES(71,'2026-06-24',9,5,504,30.0,0.0,'');
INSERT INTO "entries" VALUES(72,'2026-06-24',4,12,125,25.0,0.0,'');
INSERT INTO "entries" VALUES(73,'2026-06-24',9,13,133,30.0,0.0,'');
INSERT INTO "entries" VALUES(74,'2026-06-24',9,12,125,15.0,0.0,'');
INSERT INTO "entries" VALUES(75,'2026-06-24',4,5,505,50.0,0.0,'');
INSERT INTO "entries" VALUES(76,'2026-06-24',9,5,503,30.0,0.0,'');
INSERT INTO "entries" VALUES(77,'2026-06-24',2,5,503,50.0,0.0,'');
INSERT INTO "entries" VALUES(78,'2026-06-24',4,5,503,30.0,0.0,'');
INSERT INTO "entries" VALUES(79,'2026-06-24',2,13,133,5.0,0.0,'');
INSERT INTO "entries" VALUES(80,'2026-06-24',9,13,135,30.0,0.0,'');
INSERT INTO "entries" VALUES(81,'2026-06-24',4,13,133,20.0,0.0,'');
INSERT INTO "entries" VALUES(82,'2026-06-24',2,13,132,20.0,0.0,'');
INSERT INTO "entries" VALUES(83,'2026-06-24',4,13,132,25.0,0.0,'');
INSERT INTO "entries" VALUES(84,'2026-06-24',9,13,132,20.0,0.0,'');
INSERT INTO "entries" VALUES(85,'2026-06-24',11,13,132,20.0,0.0,'');
INSERT INTO "entries" VALUES(86,'2026-06-24',4,12,126,50.0,0.0,'');
INSERT INTO "entries" VALUES(87,'2026-06-24',4,13,135,10.0,0.0,'');
INSERT INTO "entries" VALUES(88,'2026-06-24',11,13,135,30.0,0.0,'');
INSERT INTO "entries" VALUES(89,'2026-06-24',3,14,144,30.0,0.0,'');
INSERT INTO "entries" VALUES(90,'2026-06-24',2,13,135,35.0,0.0,'');
INSERT INTO "entries" VALUES(91,'2026-06-24',11,14,144,20.0,0.0,'');
INSERT INTO "entries" VALUES(92,'2026-06-24',2,14,142,23.0,0.0,'');
INSERT INTO "entries" VALUES(93,'2026-06-24',4,14,142,20.0,0.0,'');
INSERT INTO "entries" VALUES(94,'2026-06-24',3,14,142,10.0,0.0,'');
INSERT INTO "entries" VALUES(95,'2026-06-24',9,14,142,50.0,0.0,'');
INSERT INTO "entries" VALUES(96,'2026-06-24',11,14,142,20.0,0.0,'');
INSERT INTO "entries" VALUES(97,'2026-06-24',2,12,122,30.0,0.0,'');
INSERT INTO "entries" VALUES(98,'2026-06-24',4,12,122,30.0,0.0,'');
INSERT INTO "entries" VALUES(99,'2026-06-24',9,12,122,30.0,0.0,'');
INSERT INTO "entries" VALUES(100,'2026-06-24',11,12,122,30.0,0.0,'');
INSERT INTO "entries" VALUES(101,'2026-06-24',3,12,122,0.0,160.0,'');
INSERT INTO "entries" VALUES(102,'2026-06-25',2,14,143,20.0,0.0,'');
INSERT INTO "entries" VALUES(103,'2026-06-25',2,12,126,30.0,0.0,'');
INSERT INTO "entries" VALUES(104,'2026-06-25',4,14,143,9.0,0.0,'');
INSERT INTO "entries" VALUES(105,'2026-06-25',2,13,134,80.0,0.0,'');
INSERT INTO "entries" VALUES(106,'2026-06-25',2,5,506,40.0,0.0,'');
INSERT INTO "entries" VALUES(107,'2026-06-25',4,13,134,70.0,0.0,'');
INSERT INTO "entries" VALUES(108,'2026-06-25',3,5,506,50.0,0.0,'');
INSERT INTO "entries" VALUES(109,'2026-06-25',4,5,506,40.0,0.0,'');
INSERT INTO "entries" VALUES(110,'2026-06-25',11,5,506,40.0,0.0,'');
INSERT INTO "entries" VALUES(111,'2026-06-25',9,5,506,20.0,0.0,'');
INSERT INTO "entries" VALUES(112,'2026-06-25',11,12,124,20.0,0.0,'');
INSERT INTO "entries" VALUES(113,'2026-06-25',4,12,124,50.0,0.0,'');
INSERT INTO "entries" VALUES(114,'2026-06-25',11,13,134,30.0,0.0,'');
INSERT INTO "entries" VALUES(115,'2026-06-25',2,12,124,10.0,0.0,'');
INSERT INTO "entries" VALUES(116,'2026-06-25',3,12,124,20.0,0.0,'');
INSERT INTO "entries" VALUES(117,'2026-06-25',9,12,124,10.0,0.0,'');
INSERT INTO "entries" VALUES(118,'2026-06-25',2,14,144,40.0,0.0,'');
INSERT INTO "entries" VALUES(119,'2026-06-25',4,5,502,50.0,0.0,'');
INSERT INTO "entries" VALUES(120,'2026-06-25',1,14,143,20.0,0.0,'');
INSERT INTO "entries" VALUES(121,'2026-06-25',11,13,133,20.0,0.0,'');
INSERT INTO "entries" VALUES(122,'2026-06-25',4,5,507,50.0,0.0,'');
INSERT INTO "entries" VALUES(123,'2026-06-25',3,5,507,100.0,0.0,'');
INSERT INTO "entries" VALUES(124,'2026-06-25',11,14,143,30.0,0.0,'');
INSERT INTO "entries" VALUES(125,'2026-06-25',9,14,144,100.0,0.0,'');
INSERT INTO "entries" VALUES(126,'2026-06-25',9,14,143,100.0,0.0,'');
INSERT INTO "entries" VALUES(127,'2026-06-25',2,5,504,30.0,0.0,'');
INSERT INTO "entries" VALUES(128,'2026-06-25',4,5,504,20.0,0.0,'');
INSERT INTO "entries" VALUES(129,'2026-06-25',9,5,504,30.0,0.0,'');
INSERT INTO "entries" VALUES(130,'2026-06-25',6,5,504,1.0,0.0,'');
INSERT INTO "entries" VALUES(131,'2026-06-25',2,12,125,20.0,0.0,'');
INSERT INTO "entries" VALUES(132,'2026-06-25',4,12,125,25.0,0.0,'');
INSERT INTO "entries" VALUES(133,'2026-06-25',9,13,133,30.0,0.0,'');
INSERT INTO "entries" VALUES(134,'2026-06-25',9,12,125,15.0,0.0,'');
INSERT INTO "entries" VALUES(135,'2026-06-25',4,5,505,50.0,0.0,'');
INSERT INTO "entries" VALUES(136,'2026-06-25',9,5,502,20.0,0.0,'');
INSERT INTO "entries" VALUES(137,'2026-06-25',2,13,133,15.0,0.0,'');
INSERT INTO "entries" VALUES(138,'2026-06-25',9,13,135,30.0,0.0,'');
INSERT INTO "entries" VALUES(139,'2026-06-25',4,13,133,20.0,0.0,'');
INSERT INTO "entries" VALUES(140,'2026-06-25',3,13,135,10.0,0.0,'');
INSERT INTO "entries" VALUES(141,'2026-06-25',2,13,132,15.0,0.0,'');
INSERT INTO "entries" VALUES(142,'2026-06-25',4,12,126,50.0,0.0,'');
INSERT INTO "entries" VALUES(143,'2026-06-25',11,12,126,10.0,0.0,'');
INSERT INTO "entries" VALUES(144,'2026-06-25',4,13,132,25.0,0.0,'');
INSERT INTO "entries" VALUES(145,'2026-06-25',5,13,132,1.0,0.0,'');
INSERT INTO "entries" VALUES(146,'2026-06-25',4,13,135,10.0,0.0,'');
INSERT INTO "entries" VALUES(147,'2026-06-25',9,13,132,10.0,0.0,'');
INSERT INTO "entries" VALUES(148,'2026-06-25',11,13,132,20.0,0.0,'');
INSERT INTO "entries" VALUES(149,'2026-06-25',11,13,135,30.0,0.0,'');
INSERT INTO "entries" VALUES(150,'2026-06-25',3,14,144,50.0,0.0,'');
INSERT INTO "entries" VALUES(151,'2026-06-25',2,13,135,35.0,0.0,'');
INSERT INTO "entries" VALUES(152,'2026-06-25',11,14,144,30.0,0.0,'');
INSERT INTO "entries" VALUES(153,'2026-06-25',2,14,142,40.0,0.0,'');
INSERT INTO "entries" VALUES(154,'2026-06-25',4,14,142,20.0,0.0,'');
INSERT INTO "entries" VALUES(155,'2026-06-25',3,14,142,10.0,0.0,'');
INSERT INTO "entries" VALUES(156,'2026-06-25',9,14,142,50.0,0.0,'');
INSERT INTO "entries" VALUES(157,'2026-06-25',11,14,142,20.0,0.0,'');
INSERT INTO "entries" VALUES(158,'2026-06-25',2,12,122,40.0,0.0,'');
INSERT INTO "entries" VALUES(159,'2026-06-25',4,12,122,20.0,0.0,'');
INSERT INTO "entries" VALUES(160,'2026-06-25',9,12,122,50.0,0.0,'');
INSERT INTO "entries" VALUES(161,'2026-06-25',11,12,122,20.0,0.0,'');
INSERT INTO "entries" VALUES(162,'2026-06-25',9,12,126,10.0,0.0,'');
INSERT INTO "entries" VALUES(163,'2026-06-26',2,14,143,30.0,0.0,'');
INSERT INTO "entries" VALUES(164,'2026-06-26',2,12,126,30.0,0.0,'');
INSERT INTO "entries" VALUES(165,'2026-06-26',2,13,134,80.0,0.0,'');
INSERT INTO "entries" VALUES(166,'2026-06-26',2,5,506,33.0,0.0,'');
INSERT INTO "entries" VALUES(167,'2026-06-26',4,13,134,80.0,0.0,'');
INSERT INTO "entries" VALUES(168,'2026-06-26',4,5,506,60.0,0.0,'');
INSERT INTO "entries" VALUES(169,'2026-06-26',11,5,506,40.0,0.0,'');
INSERT INTO "entries" VALUES(170,'2026-06-26',9,5,506,30.0,0.0,'');
INSERT INTO "entries" VALUES(171,'2026-06-26',11,12,124,30.0,0.0,'');
INSERT INTO "entries" VALUES(172,'2026-06-26',4,12,124,50.0,0.0,'');
INSERT INTO "entries" VALUES(173,'2026-06-26',11,13,134,30.0,0.0,'');
INSERT INTO "entries" VALUES(174,'2026-06-26',2,12,124,10.0,0.0,'');
INSERT INTO "entries" VALUES(175,'2026-06-26',9,12,124,10.0,0.0,'');
INSERT INTO "entries" VALUES(176,'2026-06-26',2,14,144,28.0,0.0,'');
INSERT INTO "entries" VALUES(177,'2026-06-26',1,14,143,10.0,0.0,'');
INSERT INTO "entries" VALUES(178,'2026-06-26',11,13,133,20.0,0.0,'');
INSERT INTO "entries" VALUES(179,'2026-06-26',4,5,507,70.0,0.0,'');
INSERT INTO "entries" VALUES(180,'2026-06-26',4,5,502,40.0,0.0,'');
INSERT INTO "entries" VALUES(181,'2026-06-26',9,5,507,30.0,0.0,'');
INSERT INTO "entries" VALUES(182,'2026-06-26',11,14,143,40.0,0.0,'');
INSERT INTO "entries" VALUES(183,'2026-06-26',9,14,144,100.0,0.0,'');
INSERT INTO "entries" VALUES(184,'2026-06-26',9,14,143,100.0,0.0,'');
INSERT INTO "entries" VALUES(185,'2026-06-26',4,5,504,50.0,0.0,'');
INSERT INTO "entries" VALUES(186,'2026-06-26',9,5,504,30.0,0.0,'');
INSERT INTO "entries" VALUES(187,'2026-06-26',2,12,125,21.0,0.0,'');
INSERT INTO "entries" VALUES(188,'2026-06-26',4,12,125,25.0,0.0,'');
INSERT INTO "entries" VALUES(189,'2026-06-26',9,13,133,40.0,0.0,'');
INSERT INTO "entries" VALUES(190,'2026-06-26',9,12,125,15.0,0.0,'');
INSERT INTO "entries" VALUES(191,'2026-06-26',2,5,505,50.0,0.0,'');
INSERT INTO "entries" VALUES(192,'2026-06-26',4,5,505,50.0,0.0,'');
INSERT INTO "entries" VALUES(193,'2026-06-26',9,5,505,50.0,0.0,'');
INSERT INTO "entries" VALUES(194,'2026-06-26',3,5,505,50.0,0.0,'');
INSERT INTO "entries" VALUES(195,'2026-06-26',3,5,502,50.0,0.0,'');
INSERT INTO "entries" VALUES(196,'2026-06-26',2,13,133,13.0,0.0,'');
INSERT INTO "entries" VALUES(197,'2026-06-26',9,13,135,40.0,0.0,'');
INSERT INTO "entries" VALUES(198,'2026-06-26',4,13,133,5.0,0.0,'');
INSERT INTO "entries" VALUES(199,'2026-06-26',3,13,135,10.0,0.0,'');
INSERT INTO "entries" VALUES(200,'2026-06-26',4,12,126,50.0,0.0,'');
INSERT INTO "entries" VALUES(201,'2026-06-26',11,12,126,10.0,0.0,'');
INSERT INTO "entries" VALUES(202,'2026-06-26',4,13,132,20.0,0.0,'');
INSERT INTO "entries" VALUES(203,'2026-06-26',2,13,132,17.0,0.0,'');
INSERT INTO "entries" VALUES(204,'2026-06-26',4,13,135,10.0,0.0,'');
INSERT INTO "entries" VALUES(205,'2026-06-26',9,13,132,20.0,0.0,'');
INSERT INTO "entries" VALUES(206,'2026-06-26',11,13,132,20.0,0.0,'');
INSERT INTO "entries" VALUES(207,'2026-06-26',11,13,135,30.0,0.0,'');
INSERT INTO "entries" VALUES(208,'2026-06-26',3,14,144,50.0,0.0,'');
INSERT INTO "entries" VALUES(209,'2026-06-26',2,13,135,28.0,0.0,'');
INSERT INTO "entries" VALUES(210,'2026-06-26',11,14,144,50.0,0.0,'');
INSERT INTO "entries" VALUES(211,'2026-06-26',2,14,142,50.0,0.0,'');
INSERT INTO "entries" VALUES(212,'2026-06-26',3,14,142,10.0,0.0,'');
INSERT INTO "entries" VALUES(213,'2026-06-26',4,14,142,20.0,0.0,'');
INSERT INTO "entries" VALUES(214,'2026-06-26',9,14,142,50.0,0.0,'');
INSERT INTO "entries" VALUES(215,'2026-06-26',11,14,142,20.0,0.0,'');
INSERT INTO "entries" VALUES(216,'2026-06-26',2,12,122,20.0,0.0,'');
INSERT INTO "entries" VALUES(217,'2026-06-26',4,12,122,60.0,0.0,'');
INSERT INTO "entries" VALUES(218,'2026-06-26',9,12,122,60.0,0.0,'');
INSERT INTO "entries" VALUES(219,'2026-06-26',11,12,122,20.0,0.0,'');
CREATE TABLE team(code INTEGER PRIMARY KEY, z INTEGER NOT NULL, name TEXT NOT NULL, note TEXT DEFAULT '');
INSERT INTO "team" VALUES(121,12,'คุณธีรวุฒิ บับพาป้อ','');
INSERT INTO "team" VALUES(122,12,'คุณกฤตตรี บุญสุข','');
INSERT INTO "team" VALUES(123,12,'คุณกฤษฎา คำชัยโย','');
INSERT INTO "team" VALUES(124,12,'คุณนัยวัฒน์ เกิดมงคล','');
INSERT INTO "team" VALUES(125,12,'คุณวีระวัฒน์ชัย ชาติทหาร','');
INSERT INTO "team" VALUES(126,12,'คุณพีรพงษ์ ชานนตรี','');
INSERT INTO "team" VALUES(131,13,'คุณสุทิน วันทาเขียว','');
INSERT INTO "team" VALUES(132,13,'นายไตรภพ กิริยุทธ','');
INSERT INTO "team" VALUES(133,13,'คุณชาญวิทย์ พฤคณา','');
INSERT INTO "team" VALUES(134,13,'คุณรัฐพล ศิลาจันทร์','');
INSERT INTO "team" VALUES(135,13,'คุณอรรถพล วงษาเทียม','');
INSERT INTO "team" VALUES(141,14,'คุณพลากร สุขมหาหลวง','');
INSERT INTO "team" VALUES(142,14,'คุณวรรณพงษ์ พรจันทึก','');
INSERT INTO "team" VALUES(143,14,'คุณวิษณุ ไชยพรม','');
INSERT INTO "team" VALUES(144,14,'คุณณรงค์ฤทธิ์ วงษ์สุดตา','');
INSERT INTO "team" VALUES(501,5,'คุณชัยวัฒน์ ราชบัวศรี','');
INSERT INTO "team" VALUES(502,5,'คุณการัณย์ กระพันธ์เขียว','');
INSERT INTO "team" VALUES(503,5,'คุณประวิทย์ พิศณุ','');
INSERT INTO "team" VALUES(504,5,'คุณปรีชากรณ์ อิ่มเจริญ','');
INSERT INTO "team" VALUES(505,5,'คุณวิโรจน์ กัณหารัตน์','');
INSERT INTO "team" VALUES(506,5,'คุณอนุชา ทำสุนา','');
INSERT INTO "team" VALUES(507,5,'คุณพิสันต์ ลาดก่าน','');
CREATE INDEX idx_date ON entries(date);
CREATE INDEX idx_sz ON entries(sz);
CREATE INDEX idx_no ON entries(no);
COMMIT;
